"1","歐西斯匕首","妖魔","30000"
"9","奧裡哈魯根短劍","莫妮亞","50"
"21","歐西斯短劍","妖魔鬥士","30000"
"22","鎖子甲破壞者","邪惡蜥蜴","5000"
"23","闊劍","哈柏哥布林","30000"
"23","闊劍","哥布林","30000"
"25","銀劍","楊果里恩","5000"
"26","小侏儒短劍","侏儒","30000"
"26","小侏儒短劍","侏儒戰士","30000"
"27","彎刀","史巴托","12000"
"27","彎刀","骷髏","12000"
"29","銀長劍","巨大兵蟻","5000"
"29","銀長劍","強盜","5000"
"29","銀長劍","強盜","5000"
"29","銀長劍","強盜","5000"
"29","銀長劍","哈維","500"
"30","紅騎士之劍","邪惡蜥蜴","5000"
"30","紅騎士之劍","哈維","500"
"31","長劍","強盜","10000"
"31","長劍","強盜","10000"
"31","長劍","強盜","10000"
"31","長劍","狼人","10000"
"31","長劍","狼人","10000"
"32","侵略者之劍","那魯加妖魔","10000"
"32","侵略者之劍","強盜","10000"
"32","侵略者之劍","強盜","10000"
"32","侵略者之劍","那魯加妖魔","10000"
"32","侵略者之劍","強盜","10000"
"32","侵略者之劍","亞力安","5000"
"32","侵略者之劍","蜥蜴人","5000"
"37","大馬士革刀","那魯加妖魔","5000"
"37","大馬士革刀","亞力安","5000"
"37","大馬士革刀","強盜","5000"
"37","大馬士革刀","強盜","5000"
"37","大馬士革刀","阿吐巴妖魔","5000"
"37","大馬士革刀","那魯加妖魔","5000"
"37","大馬士革刀","強盜","5000"
"37","大馬士革刀","阿吐巴妖魔","5000"
"41","武士刀","強盜頭目","5000"
"41","武士刀","莫妮亞","500"
"41","武士刀","歐熊","500"
"42","細劍","卡司特王","50"
"52","雙手劍","卡司特王","5000"
"52","雙手劍","歐熊","5000"
"91","歐西斯之矛","妖魔","30000"
"93","三叉戟","都達瑪拉妖魔","30000"
"93","三叉戟","都達瑪拉妖魔","5000"
"94","帕提森","高侖石頭怪","30000"
"96","矛","骷髏警衛","30000"
"97","吉薩","卡司特","30000"
"98","闊矛","高侖石頭怪","30000"
"102","露西錘","卡司特","30000"
"103","戟","骷髏警衛","30000"
"104","法丘","萊肯","5000"
"106","貝卡合金","骷髏警衛","5000"
"125","巫術魔法杖","長者","5000"
"125","巫術魔法杖","地獄犬","5000"
"125","巫術魔法杖","楊果里恩","5000"
"125","巫術魔法杖","思克巴","5000"
"126","瑪那魔杖","地獄犬","50"
"126","瑪那魔杖","阿魯巴","50"
"126","瑪那魔杖","獨眼巨人","50"
"126","瑪那魔杖","長者","20"
"128","橡木魔法杖","阿魯巴","5000"
"129","美基魔法杖","阿魯巴","5000"
"129","美基魔法杖","思克巴","5000"
"131","力量魔法杖","獨眼巨人","500"
"131","力量魔法杖","食人妖精王","50"
"136","斧","多羅","30000"
"136","斧","歐吉","30000"
"136","斧","食人妖精王","5000"
"137","亞連","歐吉","30000"
"138","木棒","歐吉","30000"
"139","弗萊爾","獨眼巨人","30000"
"140","釘錘","獨眼巨人","30000"
"142","銀斧","骷髏鬥士","5000"
"142","銀斧","食人妖精王","5000"
"143","戰斧","骷髏鬥士","12000"
"143","戰斧","食人妖精","10000"
"143","戰斧","多羅","10000"
"144","侏儒鐵斧","侏儒戰士","5000"
"145","狂戰士斧","多羅","5000"
"145","狂戰士斧","骷髏鬥士","5000"
"146","流星錘","獨眼巨人","30000"
"148","巨斧","食人妖精","5000"
"148","巨斧","歐吉","5000"
"169","獵人之弓","骷髏神射手","500"
"170","精靈弓","黑暗精靈","5000"
"171","歐西斯弓","妖魔弓箭手","30000"
"172","弓","骷髏神射手","5000"
"173","短弓","黑暗精靈","5000"
"180","十字弓","卡司特","50"
"180","十字弓","骷髏神射手","50"
"181","尤米弓","黑暗精靈","100"
"20003","鋼鐵頭盔","歐吉","500"
"20003","鋼鐵頭盔","食人妖精王","200"
"20003","鋼鐵頭盔","高侖石頭怪","100"
"20006","騎士面甲","卡司特王","10000"
"20006","騎士面甲","黑騎士","5000"
"20007","侏儒鐵盔","侏儒","10000"
"20007","侏儒鐵盔","侏儒戰士","10000"
"20011","抗魔法頭盔","骷髏鬥士","10000"
"20011","抗魔法頭盔","骷髏神射手","10000"
"20011","抗魔法頭盔","巨大兵蟻","10000"
"20011","抗魔法頭盔","都達瑪拉妖魔","3000"
"20011","抗魔法頭盔","都達瑪拉妖魔","3000"
"20011","抗魔法頭盔","阿吐巴妖魔","3000"
"20011","抗魔法頭盔","巨蟻","3000"
"20011","抗魔法頭盔","阿吐巴妖魔","3000"
"20012","法師之帽","長者","15000"
"20012","法師之帽","楊果里恩","10000"
"20012","法師之帽","夏洛伯","5000"
"20012","法師之帽","妖魔法師","5000"
"20012","法師之帽","人形殭屍","1000"
"20012","法師之帽","人形殭屍","1000"
"20013","敏捷魔法頭盔","歐吉","10000"
"20013","敏捷魔法頭盔","多羅","8000"
"20013","敏捷魔法頭盔","巨大兵蟻","5000"
"20013","敏捷魔法頭盔","巨蟻","3000"
"20014","治癒魔法頭盔","歐吉","10000"
"20014","治癒魔法頭盔","多羅","8000"
"20014","治癒魔法頭盔","巨大兵蟻","5000"
"20014","治癒魔法頭盔","巨蟻","3000"
"20015","力量魔法頭盔","歐吉","10000"
"20015","力量魔法頭盔","多羅","8000"
"20015","力量魔法頭盔","巨大兵蟻","5000"
"20015","力量魔法頭盔","巨蟻","3000"
"20021","精靈敏捷頭盔","莫妮亞","500"
"20021","精靈敏捷頭盔","思克巴","100"
"20027","紅騎士頭巾","多羅","3000"
"20027","紅騎士頭巾","黑騎士","2000"
"20033","艾爾穆的祝福","思克巴女皇","500"
"20033","艾爾穆的祝福","思克巴","300"
"20033","艾爾穆的祝福","黑暗精靈","100"
"20034","歐西斯頭盔","阿吐巴妖魔","30000"
"20034","歐西斯頭盔","那魯加妖魔","30000"
"20034","歐西斯頭盔","妖魔殭屍","30000"
"20034","歐西斯頭盔","妖魔","15000"
"20034","歐西斯頭盔","妖魔鬥士","15000"
"20034","歐西斯頭盔","妖魔鬥士","15000"
"20034","歐西斯頭盔","妖魔弓箭手","15000"
"20034","歐西斯頭盔","妖魔","15000"
"20034","歐西斯頭盔","妖魔弓箭手","15000"
"20045","骷髏頭盔","骷髏鬥士","2000"
"20045","骷髏頭盔","骷髏神射手","2000"
"20045","骷髏頭盔","骷髏警衛","2000"
"20045","骷髏頭盔","骷髏斧手","500"
"20045","骷髏頭盔","骷髏","500"
"20045","骷髏頭盔","骷髏弓箭手","500"
"20052","侏儒斗篷","侏儒","10000"
"20052","侏儒斗篷","侏儒戰士","10000"
"20056","抗魔法斗篷","骷髏警衛","12000"
"20056","抗魔法斗篷","史巴托","5000"
"20056","抗魔法斗篷","骷髏弓箭手","5000"
"20063","保護者斗篷","黑騎士","1000"
"20072","歐西斯斗篷","那魯加妖魔","30000"
"20072","歐西斯斗篷","都達瑪拉妖魔","30000"
"20072","歐西斯斗篷","妖魔法師","30000"
"20072","歐西斯斗篷","妖魔鬥士","15000"
"20072","歐西斯斗篷","妖魔鬥士","15000"
"20072","歐西斯斗篷","妖魔弓箭手","15000"
"20072","歐西斯斗篷","妖魔","15000"
"20072","歐西斯斗篷","妖魔","15000"
"20072","歐西斯斗篷","妖魔弓箭手","15000"
"20073","精靈斗篷","亞力安","2000"
"20073","精靈斗篷","黑暗精靈","1000"
"20084","精靈T恤","黑暗精靈","50"
"20085","T恤","黑騎士","1000"
"20091","鋼鐵金屬盔甲","歐吉","500"
"20091","鋼鐵金屬盔甲","食人妖精王","200"
"20091","鋼鐵金屬盔甲","高侖石頭怪","100"
"20096","環甲","哈柏哥布林","5000"
"20097","木甲","骷髏槍兵","5000"
"20110","抗魔法鏈甲","骷髏鬥士","2000"
"20110","抗魔法鏈甲","那魯加妖魔","2000"
"20110","抗魔法鏈甲","都達瑪拉妖魔","2000"
"20110","抗魔法鏈甲","阿吐巴妖魔","2000"
"20110","抗魔法鏈甲","萊肯","2000"
"20110","抗魔法鏈甲","巨蟻","2000"
"20110","抗魔法鏈甲","阿吐巴妖魔","2000"
"20111","法師長袍","長者","15000"
"20111","法師長袍","楊果里恩","10000"
"20111","法師長袍","夏洛伯","5000"
"20111","法師長袍","妖魔法師","5000"
"20111","法師長袍","人形殭屍","1000"
"20111","法師長袍","人形殭屍","1000"
"20114","綿質長袍","長者","15000"
"20114","綿質長袍","楊果里恩","10000"
"20114","綿質長袍","夏洛伯","5000"
"20114","綿質長袍","妖魔法師","5000"
"20114","綿質長袍","人形殭屍","1000"
"20114","綿質長袍","人形殭屍","1000"
"20115","籐甲","食人妖精","5000"
"20115","籐甲","歐熊","5000"
"20115","籐甲","骷髏斧手","5000"
"20120","皮盔甲","骷髏","5000"
"20120","皮盔甲","狼人","5000"
"20122","鱗甲","狼人","5000"
"20122","鱗甲","奇岩 安普","5000"
"20124","骷髏盔甲","骷髏鬥士","2000"
"20124","骷髏盔甲","骷髏警衛","2000"
"20124","骷髏盔甲","骷髏神射手","2000"
"20124","骷髏盔甲","史巴托","500"
"20124","骷髏盔甲","骷髏斧手","500"
"20124","骷髏盔甲","骷髏槍兵","500"
"20124","骷髏盔甲","骷髏弓箭手","500"
"20125","鏈甲","食人妖精","5000"
"20125","鏈甲","蜥蜴人","5000"
"20125","鏈甲","冰原狼人","5000"
"20135","歐西斯環甲","甘地妖魔","30000"
"20135","歐西斯環甲","都達瑪拉妖魔","30000"
"20135","歐西斯環甲","羅孚妖魔","30000"
"20135","歐西斯環甲","妖魔鬥士","15000"
"20135","歐西斯環甲","妖魔鬥士","15000"
"20135","歐西斯環甲","妖魔","15000"
"20135","歐西斯環甲","妖魔","15000"
"20136","歐西斯鏈甲","那魯加妖魔","15000"
"20136","歐西斯鏈甲","甘地妖魔","15000"
"20136","歐西斯鏈甲","妖魔鬥士","15000"
"20136","歐西斯鏈甲","甘地妖魔","15000"
"20136","歐西斯鏈甲","妖魔殭屍","15000"
"20136","歐西斯鏈甲","阿吐巴妖魔","15000"
"20136","歐西斯鏈甲","妖魔鬥士","15000"
"20136","歐西斯鏈甲","妖魔法師","15000"
"20137","精靈鏈甲","阿魯巴","500"
"20137","精靈鏈甲","獨眼巨人","500"
"20138","精靈金屬盔甲","邪惡蜥蜴","100"
"20138","精靈金屬盔甲","食人妖精王","10"
"20149","青銅盔甲","卡司特王","1000"
"20149","青銅盔甲","食人妖精","500"
"20154","金屬盔甲","強盜頭目","1000"
"20154","金屬盔甲","歐熊","500"
"20163","鋼鐵手套","歐吉","500"
"20163","鋼鐵手套","食人妖精王","200"
"20163","鋼鐵手套","高侖石頭怪","100"
"20182","手套","歐吉","5000"
"20182","手套","怪手","1000"
"20187","力量手套","歐吉","100"
"20187","力量手套","怪手","5"
"20191","腕甲","歐吉","3000"
"20191","腕甲","怪手","100"
"20194","鋼鐵長靴","歐吉","500"
"20194","鋼鐵長靴","食人妖精王","200"
"20194","鋼鐵長靴","高侖石頭怪","100"
"20205","長靴","萊肯","10000"
"20205","長靴","強盜","10000"
"20205","長靴","強盜頭目","10000"
"20205","長靴","狼人","10000"
"20213","短統靴","強盜","15000"
"20213","短統靴","萊肯","15000"
"20213","短統靴","狼人","15000"
"20220","鋼鐵盾牌","歐吉","500"
"20220","鋼鐵盾牌","食人妖精王","200"
"20220","鋼鐵盾牌","高侖石頭怪","100"
"20221","骷髏盾牌","骷髏鬥士","2000"
"20221","骷髏盾牌","骷髏警衛","2000"
"20221","骷髏盾牌","骷髏神射手","2000"
"20221","骷髏盾牌","史巴托","500"
"20221","骷髏盾牌","骷髏斧手","500"
"20221","骷髏盾牌","骷髏槍兵","500"
"20221","骷髏盾牌","骷髏","500"
"20223","侏儒圓盾","侏儒","5000"
"20223","侏儒圓盾","侏儒戰士","5000"
"20231","塔盾","黑騎士","5000"
"20236","精靈盾牌","卡司特王","500"
"20236","精靈盾牌","阿魯巴","500"
"20236","精靈盾牌","邪惡蜥蜴","500"
"20236","精靈盾牌","歐吉","500"
"20236","精靈盾牌","莫妮亞","300"
"20236","精靈盾牌","食人妖精王","100"
"20237","阿克海盾牌","甘地妖魔","30000"
"20237","阿克海盾牌","羅孚妖魔","30000"
"20237","阿克海盾牌","阿吐巴妖魔","30000"
"20239","小盾牌","狼人","30000"
"20239","小盾牌","哈柏哥布林","30000"
"20239","小盾牌","蜥蜴人","30000"
"20239","小盾牌","哥布林","30000"
"20242","大盾牌","萊肯","12000"
"20242","大盾牌","骷髏斧手","12000"
"20242","大盾牌","骷髏","12000"
"20254","魅力項鏈","邪惡蜥蜴","100"
"20256","敏捷項鏈","黑暗精靈","100"
"20263","妖魔戰士護身符","阿吐巴妖魔","500"
"20263","妖魔戰士護身符","甘地妖魔","500"
"20263","妖魔戰士護身符","羅孚妖魔","500"
"20263","妖魔戰士護身符","羅孚妖魔","500"
"20263","妖魔戰士護身符","甘地妖魔","500"
"20263","妖魔戰士護身符","妖魔法師","500"
"20264","力量項鏈","阿魯巴","100"
"20264","力量項鏈","獨眼巨人","100"
"20266","智力項鏈","思克巴女皇","100"
"20267","精神項鏈","思克巴","100"
"20268","體質項鏈","食人妖精王","100"
"20268","體質項鏈","卡司特王","100"
"20269","骷髏項鏈","骷髏鬥士","2000"
"20269","骷髏項鏈","骷髏警衛","2000"
"20269","骷髏項鏈","骷髏神射手","2000"
"20269","骷髏項鏈","史巴托","500"
"20269","骷髏項鏈","骷髏槍兵","500"
"20269","骷髏項鏈","骷髏","500"
"20269","骷髏項鏈","骷髏弓箭手","500"
"20281","變形控制戒指","思克巴女皇","5"
"20288","傳送控制戒指","思克巴女皇","5"
"20303","抗魔戒指","邪惡蜥蜴","100"
"20306","小型身體腰帶","哈維","500"
"20307","小型靈魂腰帶","卡司特王","300"
"20307","小型靈魂腰帶","楊果里恩","20"
"20308","小型精神腰帶","食人妖精","50"
"20308","小型精神腰帶","夏洛伯","10"
"20312","身體腰帶","黑暗精靈","5"
"20312","身體腰帶","阿魯巴","5"
"20312","身體腰帶","思克巴女皇","5"
"20316","靈魂腰帶","食人妖精王","5"
"20316","靈魂腰帶","莫妮亞","5"
"20316","靈魂腰帶","歐吉","5"
"20316","靈魂腰帶","獨眼巨人","5"
"20317","歐吉皮帶","歐吉","5"
"20319","精神腰帶","邪惡蜥蜴","5"
"20319","精神腰帶","亞力安","5"
"20319","精神腰帶","思克巴","5"
"20321","多羅皮帶","多羅","50"
"21948","反射之盾","歐吉","2500"
"21948","反射之盾","強盜頭目","300"
"40006","創造怪物魔杖","楊果里恩","5000"
"40006","創造怪物魔杖","夏洛伯","5000"
"40007","閃電魔杖","楊果里恩","10000"
"40007","閃電魔杖","夏洛伯","10000"
"40008","變形魔杖","楊果里恩","500"
"40008","變形魔杖","夏洛伯","500"
"40010","治癒藥水","虎男","50000"
"40010","治癒藥水","哈柏哥布林","50000"
"40010","治癒藥水","蜥蜴人","50000"
"40010","治癒藥水","妖魔鬥士","50000"
"40010","治癒藥水","甘地妖魔","50000"
"40010","治癒藥水","羅孚妖魔","50000"
"40010","治癒藥水","妖魔","50000"
"40010","治癒藥水","蘑菇","50000"
"40010","治癒藥水","羅孚妖魔","50000"
"40010","治癒藥水","骷髏斧手","50000"
"40010","治癒藥水","骷髏槍兵","50000"
"40010","治癒藥水","布拉伯","50000"
"40010","治癒藥水","安普","50000"
"40010","治癒藥水","牧羊犬","50000"
"40010","治癒藥水","貓","50000"
"40010","治癒藥水","熊","50000"
"40010","治癒藥水","侏儒","50000"
"40010","治癒藥水","杜賓狗","50000"
"40010","治癒藥水","狼","50000"
"40010","治癒藥水","浣熊","50000"
"40010","治癒藥水","小獵犬","50000"
"40010","治癒藥水","聖伯納犬","50000"
"40010","治癒藥水","狐狸","50000"
"40010","治癒藥水","暴走兔","50000"
"40010","治癒藥水","哈士奇","50000"
"40010","治癒藥水","柯利","50000"
"40010","治癒藥水","史萊姆","50000"
"40010","治癒藥水","人形殭屍","50000"
"40010","治癒藥水","漂浮之眼","50000"
"40010","治癒藥水","冰原狼人","50000"
"40010","治癒藥水","妖魔鬥士","50000"
"40010","治癒藥水","怪手","50000"
"40010","治癒藥水","侏儒戰士","50000"
"40010","治癒藥水","甘地妖魔","50000"
"40010","治癒藥水","骷髏","50000"
"40010","治癒藥水","巨蟻","50000"
"40010","治癒藥水","人形殭屍","50000"
"40010","治癒藥水","高麗幼犬","50000"
"40010","治癒藥水","妖魔弓箭手","50000"
"40010","治癒藥水","妖魔法師","50000"
"40010","治癒藥水","骷髏弓箭手","50000"
"40010","治癒藥水","奇岩 安普","50000"
"40010","治癒藥水","哥布林","50000"
"40010","治癒藥水","妖魔","50000"
"40010","治癒藥水","兔子","50000"
"40010","治癒藥水","兔子","50000"
"40010","治癒藥水","地靈","50000"
"40010","治癒藥水","妖魔弓箭手","50000"
"40010","治癒藥水","鹿","50000"
"40011","強力治癒藥水","巨大兵蟻","30000"
"40011","強力治癒藥水","卡司特","30000"
"40011","強力治癒藥水","長者","30000"
"40011","強力治癒藥水","食人妖精","30000"
"40011","強力治癒藥水","地獄犬","30000"
"40011","強力治癒藥水","哈維","30000"
"40011","強力治癒藥水","骷髏鬥士","30000"
"40011","強力治癒藥水","骷髏警衛","30000"
"40011","強力治癒藥水","楊果里恩","30000"
"40011","強力治癒藥水","阿吐巴妖魔","30000"
"40011","強力治癒藥水","那魯加妖魔","30000"
"40011","強力治癒藥水","狼人","30000"
"40011","強力治癒藥水","都達瑪拉妖魔","30000"
"40011","強力治癒藥水","都達瑪拉妖魔","30000"
"40011","強力治癒藥水","歐熊","30000"
"40011","強力治癒藥水","阿吐巴妖魔","30000"
"40011","強力治癒藥水","食屍鬼","30000"
"40011","強力治癒藥水","史巴托","30000"
"40011","強力治癒藥水","那魯加妖魔","30000"
"40011","強力治癒藥水","萊肯","30000"
"40011","強力治癒藥水","夏洛伯","30000"
"40011","強力治癒藥水","妖魔殭屍","30000"
"40011","強力治癒藥水","骷髏神射手","30000"
"40011","強力治癒藥水","高侖石頭怪","30000"
"40011","強力治癒藥水","狼人","30000"
"40012","終極治癒藥水","黑暗精靈","20000"
"40012","終極治癒藥水","多羅","20000"
"40012","終極治癒藥水","莫妮亞","20000"
"40012","終極治癒藥水","強盜頭目","20000"
"40012","終極治癒藥水","亞力安","20000"
"40012","終極治癒藥水","邪惡蜥蜴","20000"
"40012","終極治癒藥水","阿魯巴","20000"
"40012","終極治癒藥水","卡司特王","20000"
"40012","終極治癒藥水","歐吉","20000"
"40012","終極治癒藥水","強盜","20000"
"40012","終極治癒藥水","思克巴女皇","20000"
"40012","終極治癒藥水","強盜","20000"
"40012","終極治癒藥水","食人妖精王","20000"
"40012","終極治癒藥水","思克巴","20000"
"40012","終極治癒藥水","獨眼巨人","20000"
"40013","綠色藥水","巨大兵蟻","80000"
"40013","綠色藥水","骷髏鬥士","80000"
"40013","綠色藥水","骷髏警衛","80000"
"40013","綠色藥水","楊果里恩","80000"
"40013","綠色藥水","哈柏哥布林","80000"
"40013","綠色藥水","史巴托","80000"
"40013","綠色藥水","骷髏斧手","80000"
"40013","綠色藥水","骷髏槍兵","80000"
"40013","綠色藥水","夏洛伯","80000"
"40013","綠色藥水","骷髏","80000"
"40013","綠色藥水","巨蟻","80000"
"40013","綠色藥水","骷髏神射手","80000"
"40013","綠色藥水","骷髏弓箭手","80000"
"40014","勇敢藥水","死亡騎士","500000"
"40014","勇敢藥水","巨蟻女皇","500000"
"40014","勇敢藥水","卡士伯","500000"
"40014","勇敢藥水","魔法師","500000"
"40014","勇敢藥水","巴風特","500000"
"40014","勇敢藥水","黑長者","500000"
"40014","勇敢藥水","飛龍","500000"
"40014","勇敢藥水","克特","500000"
"40014","勇敢藥水","馬庫爾","500000"
"40014","勇敢藥水","巴土瑟","500000"
"40014","勇敢藥水","西瑪","500000"
"40014","勇敢藥水","巨大兵蟻","20000"
"40014","勇敢藥水","歐吉","20000"
"40014","勇敢藥水","歐熊","20000"
"40014","勇敢藥水","巨蟻","20000"
"40015","加速魔力回復藥水","死亡騎士","500000"
"40015","加速魔力回復藥水","巴風特","500000"
"40015","加速魔力回復藥水","巨蟻女皇","500000"
"40015","加速魔力回復藥水","卡士伯","500000"
"40015","加速魔力回復藥水","魔法師","500000"
"40015","加速魔力回復藥水","克特","500000"
"40015","加速魔力回復藥水","黑長者","500000"
"40015","加速魔力回復藥水","飛龍","500000"
"40015","加速魔力回復藥水","馬庫爾","500000"
"40015","加速魔力回復藥水","巴土瑟","500000"
"40015","加速魔力回復藥水","西瑪","500000"
"40015","加速魔力回復藥水","長者","30000"
"40015","加速魔力回復藥水","哈維","30000"
"40015","加速魔力回復藥水","多羅","30000"
"40015","加速魔力回復藥水","莫妮亞","30000"
"40015","加速魔力回復藥水","楊果里恩","30000"
"40015","加速魔力回復藥水","阿魯巴","30000"
"40015","加速魔力回復藥水","萊肯","30000"
"40015","加速魔力回復藥水","亞力安","30000"
"40016","慎重藥水","死亡騎士","500000"
"40016","慎重藥水","卡士伯","500000"
"40016","慎重藥水","魔法師","500000"
"40016","慎重藥水","克特","500000"
"40016","慎重藥水","巴風特","500000"
"40016","慎重藥水","黑長者","500000"
"40016","慎重藥水","飛龍","500000"
"40016","慎重藥水","巨蟻女皇","500000"
"40016","慎重藥水","馬庫爾","500000"
"40016","慎重藥水","巴土瑟","500000"
"40016","慎重藥水","西瑪","500000"
"40016","慎重藥水","黑暗精靈","30000"
"40016","慎重藥水","哈維","30000"
"40016","慎重藥水","邪惡蜥蜴","30000"
"40016","慎重藥水","思克巴女皇","30000"
"40016","慎重藥水","思克巴","30000"
"40016","慎重藥水","獨眼巨人","30000"
"40017","解毒藥水","死亡騎士","500000"
"40017","解毒藥水","克特","500000"
"40017","解毒藥水","巴風特","500000"
"40017","解毒藥水","黑長者","500000"
"40017","解毒藥水","卡士伯","500000"
"40017","解毒藥水","魔法師","500000"
"40017","解毒藥水","巨蟻女皇","500000"
"40017","解毒藥水","飛龍","500000"
"40017","解毒藥水","馬庫爾","500000"
"40017","解毒藥水","巴土瑟","500000"
"40017","解毒藥水","西瑪","500000"
"40017","解毒藥水","卡司特","50000"
"40017","解毒藥水","楊果里恩","50000"
"40017","解毒藥水","卡司特王","50000"
"40017","解毒藥水","食屍鬼","50000"
"40017","解毒藥水","史巴托","50000"
"40017","解毒藥水","人形殭屍","50000"
"40017","解毒藥水","漂浮之眼","50000"
"40017","解毒藥水","人形殭屍","50000"
"40017","解毒藥水","蘑菇","50000"
"40018","強化 綠色藥水","巨大兵蟻","40000"
"40018","強化 綠色藥水","骷髏鬥士","40000"
"40018","強化 綠色藥水","骷髏警衛","40000"
"40018","強化 綠色藥水","楊果里恩","40000"
"40018","強化 綠色藥水","哈柏哥布林","40000"
"40018","強化 綠色藥水","史巴托","40000"
"40018","強化 綠色藥水","骷髏斧手","40000"
"40018","強化 綠色藥水","骷髏槍兵","40000"
"40018","強化 綠色藥水","夏洛伯","40000"
"40018","強化 綠色藥水","骷髏","40000"
"40018","強化 綠色藥水","巨蟻","40000"
"40018","強化 綠色藥水","骷髏神射手","40000"
"40018","強化 綠色藥水","骷髏弓箭手","40000"
"40031","惡魔之血","巨蟻女皇","500000"
"40031","惡魔之血","死亡騎士","500000"
"40031","惡魔之血","卡士伯","500000"
"40031","惡魔之血","巴土瑟","500000"
"40031","惡魔之血","魔法師","500000"
"40031","惡魔之血","克特","500000"
"40031","惡魔之血","巴風特","500000"
"40031","惡魔之血","黑長者","500000"
"40031","惡魔之血","飛龍","500000"
"40031","惡魔之血","馬庫爾","500000"
"40031","惡魔之血","西瑪","500000"
"40031","惡魔之血","強盜頭目","10000"
"40031","惡魔之血","卡司特","10000"
"40031","惡魔之血","阿吐巴妖魔","10000"
"40031","惡魔之血","那魯加妖魔","10000"
"40031","惡魔之血","都達瑪拉妖魔","10000"
"40031","惡魔之血","卡司特王","10000"
"40031","惡魔之血","都達瑪拉妖魔","10000"
"40031","惡魔之血","阿吐巴妖魔","10000"
"40031","惡魔之血","那魯加妖魔","10000"
"40044","鑽石","巨大兵蟻","30000"
"40044","鑽石","巨蟻","20000"
"40045","紅寶石","巨大兵蟻","30000"
"40045","紅寶石","巨蟻","20000"
"40046","藍寶石","巨大兵蟻","30000"
"40046","藍寶石","巨蟻","20000"
"40047","綠寶石","巨大兵蟻","30000"
"40047","綠寶石","巨蟻","20000"
"40048","品質鑽石","邪惡蜥蜴","20000"
"40048","品質鑽石","巨大兵蟻","500"
"40048","品質鑽石","巨蟻","500"
"40049","品質紅寶石","邪惡蜥蜴","20000"
"40049","品質紅寶石","巨大兵蟻","500"
"40049","品質紅寶石","巨蟻","500"
"40050","品質藍寶石","邪惡蜥蜴","20000"
"40050","品質藍寶石","巨大兵蟻","500"
"40050","品質藍寶石","巨蟻","500"
"40051","品質綠寶石","邪惡蜥蜴","20000"
"40051","品質綠寶石","巨大兵蟻","500"
"40051","品質綠寶石","巨蟻","500"
"40052","高品質鑽石","邪惡蜥蜴","500"
"40052","高品質鑽石","巨大兵蟻","5"
"40052","高品質鑽石","巨蟻","5"
"40053","高品質紅寶石","邪惡蜥蜴","500"
"40053","高品質紅寶石","巨大兵蟻","5"
"40053","高品質紅寶石","巨蟻","5"
"40054","高品質藍寶石","邪惡蜥蜴","500"
"40054","高品質藍寶石","巨大兵蟻","5"
"40054","高品質藍寶石","巨蟻","5"
"40055","高品質綠寶石","邪惡蜥蜴","500"
"40055","高品質綠寶石","巨大兵蟻","5"
"40055","高品質綠寶石","巨蟻","5"
"40056","肉","虎男","300000"
"40056","肉","牧羊犬","300000"
"40056","肉","貓","300000"
"40056","肉","熊","300000"
"40056","肉","杜賓狗","300000"
"40056","肉","狼","300000"
"40056","肉","浣熊","300000"
"40056","肉","小獵犬","300000"
"40056","肉","聖伯納犬","300000"
"40056","肉","狐狸","300000"
"40056","肉","暴走兔","300000"
"40056","肉","哈士奇","300000"
"40056","肉","柯利","300000"
"40056","肉","漂浮之眼","300000"
"40056","肉","高麗幼犬","300000"
"40056","肉","兔子","300000"
"40056","肉","兔子","300000"
"40056","肉","鹿","300000"
"40057","漂浮之眼肉","漂浮之眼","100000"
"40059","蛋","歐熊","100000"
"40060","胡蘿蔔","歐熊","100000"
"40061","檸檬","歐熊","100000"
"40062","香蕉","歐熊","100000"
"40064","蘋果","歐熊","100000"
"40066","年糕","死亡騎士","500000"
"40066","年糕","飛龍","500000"
"40066","年糕","卡士伯","500000"
"40066","年糕","巴土瑟","500000"
"40066","年糕","西瑪","500000"
"40066","年糕","魔法師","500000"
"40066","年糕","巨蟻女皇","500000"
"40066","年糕","克特","500000"
"40066","年糕","巴風特","500000"
"40066","年糕","馬庫爾","500000"
"40066","年糕","黑長者","500000"
"40066","年糕","思克巴女皇","20000"
"40066","年糕","思克巴","10000"
"40066","年糕","長者","1000"
"40067","艾草年糕","卡士伯","500000"
"40067","艾草年糕","巴土瑟","500000"
"40067","艾草年糕","西瑪","500000"
"40067","艾草年糕","魔法師","500000"
"40067","艾草年糕","巨蟻女皇","500000"
"40067","艾草年糕","死亡騎士","500000"
"40067","艾草年糕","克特","500000"
"40067","艾草年糕","巴風特","500000"
"40067","艾草年糕","飛龍","500000"
"40067","艾草年糕","馬庫爾","500000"
"40067","艾草年糕","黑長者","500000"
"40067","艾草年糕","思克巴女皇","20000"
"40067","艾草年糕","思克巴","10000"
"40067","艾草年糕","長者","1000"
"40068","精靈餅乾","黑長者","500000"
"40068","精靈餅乾","巨蟻女皇","500000"
"40068","精靈餅乾","死亡騎士","500000"
"40068","精靈餅乾","克特","500000"
"40068","精靈餅乾","飛龍","500000"
"40068","精靈餅乾","卡士伯","500000"
"40068","精靈餅乾","巴土瑟","500000"
"40068","精靈餅乾","魔法師","500000"
"40068","精靈餅乾","巴風特","500000"
"40068","精靈餅乾","馬庫爾","500000"
"40068","精靈餅乾","西瑪","500000"
"40068","精靈餅乾","黑暗精靈","10000"
"40068","精靈餅乾","地獄犬","10000"
"40068","精靈餅乾","莫妮亞","10000"
"40068","精靈餅乾","楊果里恩","10000"
"40068","精靈餅乾","萊肯","10000"
"40068","精靈餅乾","夏洛伯","10000"
"40069","橘子","歐熊","100000"
"40074","對盔甲施法的卷軸","巨蟻女皇","200000"
"40074","對盔甲施法的卷軸","黑長者","200000"
"40074","對盔甲施法的卷軸","卡士伯","200000"
"40074","對盔甲施法的卷軸","巴土瑟","200000"
"40074","對盔甲施法的卷軸","西瑪","200000"
"40074","對盔甲施法的卷軸","魔法師","200000"
"40074","對盔甲施法的卷軸","克特","200000"
"40074","對盔甲施法的卷軸","巴風特","200000"
"40074","對盔甲施法的卷軸","馬庫爾","200000"
"40074","對盔甲施法的卷軸","死亡騎士","200000"
"40074","對盔甲施法的卷軸","飛龍","200000"
"40074","對盔甲施法的卷軸","獨眼巨人","800"
"40074","對盔甲施法的卷軸","骷髏鬥士","600"
"40074","對盔甲施法的卷軸","亞力安","500"
"40074","對盔甲施法的卷軸","思克巴女皇","500"
"40074","對盔甲施法的卷軸","食人妖精王","400"
"40074","對盔甲施法的卷軸","黑暗精靈","350"
"40074","對盔甲施法的卷軸","強盜","330"
"40074","對盔甲施法的卷軸","卡司特王","300"
"40074","對盔甲施法的卷軸","多羅","270"
"40074","對盔甲施法的卷軸","食人妖精","250"
"40074","對盔甲施法的卷軸","哈維","230"
"40074","對盔甲施法的卷軸","楊果里恩","200"
"40087","對武器施法的卷軸","巨蟻女皇","200000"
"40087","對武器施法的卷軸","死亡騎士","200000"
"40087","對武器施法的卷軸","卡士伯","200000"
"40087","對武器施法的卷軸","巴土瑟","200000"
"40087","對武器施法的卷軸","西瑪","200000"
"40087","對武器施法的卷軸","魔法師","200000"
"40087","對武器施法的卷軸","克特","200000"
"40087","對武器施法的卷軸","巴風特","200000"
"40087","對武器施法的卷軸","馬庫爾","200000"
"40087","對武器施法的卷軸","黑長者","200000"
"40087","對武器施法的卷軸","飛龍","200000"
"40087","對武器施法的卷軸","邪惡蜥蜴","800"
"40087","對武器施法的卷軸","骷髏神射手","600"
"40087","對武器施法的卷軸","骷髏警衛","600"
"40087","對武器施法的卷軸","阿魯巴","500"
"40087","對武器施法的卷軸","歐吉","500"
"40087","對武器施法的卷軸","思克巴","400"
"40087","對武器施法的卷軸","莫妮亞","350"
"40087","對武器施法的卷軸","強盜","320"
"40087","對武器施法的卷軸","強盜頭目","300"
"40087","對武器施法的卷軸","長者","250"
"40087","對武器施法的卷軸","歐熊","250"
"40087","對武器施法的卷軸","卡司特","200"
"40088","變形卷軸","黑暗精靈","50000"
"40088","變形卷軸","莫妮亞","50000"
"40088","變形卷軸","卡司特","30000"
"40088","變形卷軸","多羅","30000"
"40088","變形卷軸","楊果里恩","30000"
"40088","變形卷軸","卡司特王","30000"
"40088","變形卷軸","萊肯","10000"
"40088","變形卷軸","哈柏哥布林","5000"
"40088","變形卷軸","蜥蜴人","5000"
"40088","變形卷軸","妖魔鬥士","5000"
"40088","變形卷軸","妖魔鬥士","5000"
"40088","變形卷軸","妖魔法師","5000"
"40089","復活卷軸","食屍鬼","50000"
"40089","復活卷軸","人形殭屍","30000"
"40089","復活卷軸","人形殭屍","30000"
"40100","瞬間移動卷軸","巨蟻女皇","500000"
"40100","瞬間移動卷軸","飛龍","500000"
"40100","瞬間移動卷軸","卡士伯","500000"
"40100","瞬間移動卷軸","巴土瑟","500000"
"40100","瞬間移動卷軸","西瑪","500000"
"40100","瞬間移動卷軸","魔法師","500000"
"40100","瞬間移動卷軸","死亡騎士","500000"
"40100","瞬間移動卷軸","克特","500000"
"40100","瞬間移動卷軸","巴風特","500000"
"40100","瞬間移動卷軸","黑長者","500000"
"40100","瞬間移動卷軸","馬庫爾","500000"
"40100","瞬間移動卷軸","骷髏鬥士","10000"
"40100","瞬間移動卷軸","骷髏警衛","10000"
"40100","瞬間移動卷軸","楊果里恩","10000"
"40100","瞬間移動卷軸","骷髏斧手","10000"
"40100","瞬間移動卷軸","骷髏槍兵","10000"
"40100","瞬間移動卷軸","夏洛伯","10000"
"40100","瞬間移動卷軸","骷髏","10000"
"40100","瞬間移動卷軸","骷髏神射手","10000"
"40100","瞬間移動卷軸","骷髏弓箭手","10000"
"40131","甘地圖騰","甘地妖魔","100000"
"40132","那魯加圖騰","那魯加妖魔","100000"
"40133","都達瑪拉圖騰","都達瑪拉妖魔","100000"
"40134","羅孚圖騰","羅孚妖魔","100000"
"40135","阿吐巴圖騰","阿吐巴妖魔","100000"
"40170","魔法書 (燃燒的火球)","巨蟻女皇","50000"
"40170","魔法書 (燃燒的火球)","邪惡蜥蜴","2000"
"40170","魔法書 (燃燒的火球)","地獄犬","2000"
"40170","魔法書 (燃燒的火球)","食人妖精王","2000"
"40170","魔法書 (燃燒的火球)","食屍鬼","2000"
"40170","魔法書 (燃燒的火球)","羅孚妖魔","2000"
"40171","魔法書 (通暢氣脈術)","死亡騎士","50000"
"40171","魔法書 (通暢氣脈術)","阿魯巴","2000"
"40171","魔法書 (通暢氣脈術)","阿吐巴妖魔","2000"
"40171","魔法書 (通暢氣脈術)","那魯加妖魔","2000"
"40171","魔法書 (通暢氣脈術)","獨眼巨人","2000"
"40171","魔法書 (通暢氣脈術)","甘地妖魔","2000"
"40172","魔法書 (壞物術)","克特","50000"
"40172","魔法書 (壞物術)","那魯加妖魔","2000"
"40172","魔法書 (壞物術)","阿吐巴妖魔","2000"
"40172","魔法書 (壞物術)","亞力安","2000"
"40172","魔法書 (壞物術)","甘地妖魔","2000"
"40172","魔法書 (壞物術)","骷髏神射手","2000"
"40173","魔法書 (吸血鬼之吻)","巴風特","50000"
"40173","魔法書 (吸血鬼之吻)","巨大兵蟻","2000"
"40173","魔法書 (吸血鬼之吻)","骷髏鬥士","2000"
"40173","魔法書 (吸血鬼之吻)","歐吉","2000"
"40173","魔法書 (吸血鬼之吻)","史巴托","2000"
"40173","魔法書 (吸血鬼之吻)","羅孚妖魔","2000"
"40174","魔法書 (緩速術)","黑長者","50000"
"40174","魔法書 (緩速術)","骷髏警衛","2000"
"40174","魔法書 (緩速術)","萊肯","2000"
"40174","魔法書 (緩速術)","思克巴女皇","2000"
"40174","魔法書 (緩速術)","骷髏","2000"
"40174","魔法書 (緩速術)","高侖石頭怪","2000"
"40175","魔法書 (魔法屏障)","飛龍","50000"
"40175","魔法書 (魔法屏障)","地獄犬","2000"
"40175","魔法書 (魔法屏障)","楊果里恩","2000"
"40175","魔法書 (魔法屏障)","羅孚妖魔","2000"
"40175","魔法書 (魔法屏障)","邪惡蜥蜴","2000"
"40175","魔法書 (魔法屏障)","骷髏弓箭手","2000"
"40176","魔法書 (冥想術)","馬庫爾","50000"
"40176","魔法書 (冥想術)","卡司特","2000"
"40176","魔法書 (冥想術)","那魯加妖魔","2000"
"40176","魔法書 (冥想術)","獨眼巨人","2000"
"40176","魔法書 (冥想術)","甘地妖魔","2000"
"40176","魔法書 (冥想術)","妖魔法師","2000"
"40177","魔法書 (岩牢)","巴土瑟","50000"
"40177","魔法書 (岩牢)","哈維","2000"
"40177","魔法書 (岩牢)","那魯加妖魔","2000"
"40177","魔法書 (岩牢)","甘地妖魔","2000"
"40177","魔法書 (岩牢)","骷髏神射手","2000"
"40177","魔法書 (岩牢)","蘑菇","2000"
"40178","魔法書 (木乃伊的詛咒)","卡士伯","50000"
"40178","魔法書 (木乃伊的詛咒)","巨大兵蟻","2000"
"40178","魔法書 (木乃伊的詛咒)","骷髏鬥士","2000"
"40178","魔法書 (木乃伊的詛咒)","歐熊","2000"
"40178","魔法書 (木乃伊的詛咒)","羅孚妖魔","2000"
"40178","魔法書 (木乃伊的詛咒)","骷髏斧手","2000"
"40179","魔法書 (極道落雷)","魔法師","50000"
"40179","魔法書 (極道落雷)","食人妖精","2000"
"40179","魔法書 (極道落雷)","骷髏警衛","2000"
"40179","魔法書 (極道落雷)","骷髏槍兵","2000"
"40179","魔法書 (極道落雷)","骷髏","2000"
"40179","魔法書 (極道落雷)","高侖石頭怪","2000"
"40180","魔法書 (高級治癒術)","西瑪","50000"
"40180","魔法書 (高級治癒術)","長者","2000"
"40180","魔法書 (高級治癒術)","楊果里恩","2000"
"40180","魔法書 (高級治癒術)","巨蟻","2000"
"40180","魔法書 (高級治癒術)","骷髏弓箭手","2000"
"40181","魔法書 (迷魅術)","死亡騎士","50000"
"40181","魔法書 (迷魅術)","卡司特","2000"
"40181","魔法書 (迷魅術)","多羅","2000"
"40181","魔法書 (迷魅術)","哈柏哥布林","2000"
"40181","魔法書 (迷魅術)","妖魔法師","2000"
"40182","魔法書 (聖潔之光)","巨蟻女皇","50000"
"40182","魔法書 (聖潔之光)","哈維","2000"
"40182","魔法書 (聖潔之光)","蜥蜴人","2000"
"40182","魔法書 (聖潔之光)","強盜頭目","2000"
"40182","魔法書 (聖潔之光)","蘑菇","2000"
"40183","魔法書 (冰錐)","克特","50000"
"40183","魔法書 (冰錐)","卡司特王","2000"
"40183","魔法書 (冰錐)","都達瑪拉妖魔","2000"
"40183","魔法書 (冰錐)","歐熊","2000"
"40183","魔法書 (冰錐)","骷髏斧手","2000"
"40184","魔法書 (魔力奪取)","巴風特","50000"
"40184","魔法書 (魔力奪取)","食人妖精","2000"
"40184","魔法書 (魔力奪取)","強盜","2000"
"40184","魔法書 (魔力奪取)","骷髏槍兵","2000"
"40184","魔法書 (魔力奪取)","狼人","2000"
"40185","魔法書 (黑闇之影)","黑長者","50000"
"40185","魔法書 (黑闇之影)","長者","2000"
"40185","魔法書 (黑闇之影)","強盜","2000"
"40185","魔法書 (黑闇之影)","巨蟻","2000"
"40185","魔法書 (黑闇之影)","都達瑪拉妖魔","2000"
"40186","魔法書 (造屍術)","飛龍","50000"
"40186","魔法書 (造屍術)","多羅","2000"
"40186","魔法書 (造屍術)","莫妮亞","2000"
"40186","魔法書 (造屍術)","哈柏哥布林","2000"
"40186","魔法書 (造屍術)","妖魔殭屍","2000"
"40187","魔法書 (體魄強健術)","馬庫爾","50000"
"40187","魔法書 (體魄強健術)","蜥蜴人","2000"
"40187","魔法書 (體魄強健術)","強盜頭目","2000"
"40187","魔法書 (體魄強健術)","黑暗精靈","2000"
"40187","魔法書 (體魄強健術)","狼人","2000"
"40188","魔法書 (加速術)","巴土瑟","50000"
"40188","魔法書 (加速術)","卡司特王","2000"
"40188","魔法書 (加速術)","都達瑪拉妖魔","2000"
"40188","魔法書 (加速術)","夏洛伯","2000"
"40188","魔法書 (加速術)","思克巴","2000"
"40189","魔法書 (魔法相消術)","卡士伯","50000"
"40189","魔法書 (魔法相消術)","強盜","2000"
"40189","魔法書 (魔法相消術)","食人妖精王","2000"
"40189","魔法書 (魔法相消術)","食屍鬼","2000"
"40189","魔法書 (魔法相消術)","狼人","2000"
"40190","魔法書 (地裂術)","魔法師","50000"
"40190","魔法書 (地裂術)","阿魯巴","2000"
"40190","魔法書 (地裂術)","阿吐巴妖魔","2000"
"40190","魔法書 (地裂術)","都達瑪拉妖魔","2000"
"40190","魔法書 (地裂術)","強盜","2000"
"40191","魔法書 (烈炎術)","西瑪","50000"
"40191","魔法書 (烈炎術)","莫妮亞","2000"
"40191","魔法書 (烈炎術)","阿吐巴妖魔","2000"
"40191","魔法書 (烈炎術)","妖魔殭屍","2000"
"40191","魔法書 (烈炎術)","亞力安","2000"
"40192","魔法書 (弱化術)","巨蟻女皇","50000"
"40192","魔法書 (弱化術)","歐吉","2000"
"40192","魔法書 (弱化術)","史巴托","2000"
"40192","魔法書 (弱化術)","黑暗精靈","2000"
"40192","魔法書 (弱化術)","狼人","2000"
"40193","魔法書 (祝福魔法武器)","西瑪","50000"
"40193","魔法書 (祝福魔法武器)","萊肯","2000"
"40193","魔法書 (祝福魔法武器)","思克巴女皇","2000"
"40193","魔法書 (祝福魔法武器)","夏洛伯","2000"
"40193","魔法書 (祝福魔法武器)","思克巴","2000"
"40194","魔法書 (體力回復術)","魔法師","50000"
"40194","魔法書 (體力回復術)","地獄犬","10"
"40195","魔法書 (冰矛圍籬)","巴土瑟","50000"
"40195","魔法書 (冰矛圍籬)","亞力安","10"
"40196","魔法書 (召喚術)","卡士伯","10000"
"40196","魔法書 (召喚術)","卡司特","10"
"40197","魔法書 (神聖疾走)","馬庫爾","50000"
"40197","魔法書 (神聖疾走)","哈維","10"
"40198","魔法書 (龍捲風)","飛龍","50000"
"40198","魔法書 (龍捲風)","黑暗精靈","10"
"40199","魔法書 (強力加速術)","黑長者","50000"
"40199","魔法書 (強力加速術)","哈維","10"
"40200","魔法書 (狂暴術)","巴風特","50000"
"40200","魔法書 (狂暴術)","歐吉","10"
"40201","魔法書 (疾病術)","克特","50000"
"40201","魔法書 (疾病術)","歐吉","10"
"40202","魔法書 (全部治癒術)","死亡騎士","10000"
"40202","魔法書 (全部治癒術)","長者","10"
"40203","魔法書 (火牢)","巨蟻女皇","50000"
"40203","魔法書 (火牢)","食人妖精王","10"
"40204","魔法書 (冰雪暴)","西瑪","10000"
"40204","魔法書 (冰雪暴)","思克巴","10"
"40205","魔法書 (隱身術)","魔法師","10000"
"40205","魔法書 (隱身術)","黑暗精靈","10"
"40206","魔法書 (返生術)","卡士伯","10000"
"40206","魔法書 (返生術)","阿魯巴","10"
"40207","魔法書 (震裂術)","巴土瑟","50000"
"40207","魔法書 (震裂術)","阿魯巴","10"
"40208","魔法書 (治癒能量風暴)","馬庫爾","50000"
"40208","魔法書 (治癒能量風暴)","阿魯巴","10"
"40209","魔法書 (魔法封印)","飛龍","50000"
"40209","魔法書 (魔法封印)","獨眼巨人","10"
"40210","魔法書 (雷霆風暴)","黑長者","50000"
"40211","魔法書 (沉睡之霧)","巴風特","50000"
"40212","魔法書 (變形術)","克特","50000"
"40214","魔法書 (集體傳送術)","死亡騎士","50000"
"40214","魔法書 (集體傳送術)","亞力安","10"
"40215","魔法書 (火風暴)","巨蟻女皇","10000"
"40215","魔法書 (火風暴)","莫妮亞","10"
"40216","魔法書 (藥水霜化術)","西瑪","50000"
"40216","魔法書 (藥水霜化術)","邪惡蜥蜴","10"
"40217","魔法書 (強力無所遁形術)","魔法師","50000"
"40219","魔法書 (流星雨)","楊果里恩","10"
"40219","魔法書 (流星雨)","卡士伯","1"
"40220","魔法書 (終極返生術)","巴土瑟","50000"
"40221","魔法書 (集體緩速術)","馬庫爾","50000"
"40222","魔法書 (究極光裂術)","亞力安","10"
"40222","魔法書 (究極光裂術)","飛龍","1"
"40223","魔法書 (絕對屏障)","黑長者","50000"
"40224","魔法書 (靈魂昇華)","巴風特","50000"
"40224","魔法書 (靈魂昇華)","思克巴女皇","10"
"40225","魔法書 (冰雪颶風)","克特","50000"
"40226","魔法書 (精準目標)","死亡騎士","50000"
"40227","魔法書 (灼熱武器)","巨蟻女皇","5000"
"40228","魔法書 (呼喚盟友)","西瑪","50000"
"40232","精靈水晶(魔法防禦)","魔法師","50000"
"40233","精靈水晶(心靈轉換)","卡士伯","50000"
"40234","精靈水晶(世界樹的呼喚)","巴土瑟","50000"
"40235","精靈水晶(淨化精神)","馬庫爾","50000"
"40236","精靈水晶(屬性防禦)","飛龍","50000"
"40237","精靈水晶(釋放元素)","黑長者","50000"
"40238","精靈水晶(魂體轉換)","巴風特","10000"
"40238","精靈水晶(魂體轉換)","黑暗精靈","50"
"40238","精靈水晶(魂體轉換)","骷髏神射手","10"
"40238","精靈水晶(魂體轉換)","人形殭屍","5"
"40240","精靈水晶(三重矢)","克特","500"
"40240","精靈水晶(三重矢)","邪惡蜥蜴","10"
"40240","精靈水晶(三重矢)","思克巴女皇","10"
"40240","精靈水晶(三重矢)","獨眼巨人","10"
"40241","精靈水晶(弱化屬性)","死亡騎士","50000"
"40308","金幣","妖魔鬥士","1000000"
"40308","金幣","卡司特王","1000000"
"40308","金幣","卡司特","1000000"
"40308","金幣","長者","1000000"
"40308","金幣","食人妖精","1000000"
"40308","金幣","地獄犬","1000000"
"40308","金幣","哈維","1000000"
"40308","金幣","黑暗精靈","1000000"
"40308","金幣","多羅","1000000"
"40308","金幣","骷髏鬥士","1000000"
"40308","金幣","莫妮亞","1000000"
"40308","金幣","食人妖精王","1000000"
"40308","金幣","骷髏神射手","1000000"
"40308","金幣","巨大兵蟻","1000000"
"40308","金幣","那魯加妖魔","1000000"
"40308","金幣","人形殭屍","1000000"
"40308","金幣","高麗幼犬","1000000"
"40308","金幣","死亡騎士","1000000"
"40308","金幣","巴風特","1000000"
"40308","金幣","黑長者","1000000"
"40308","金幣","飛龍","1000000"
"40308","金幣","強盜","1000000"
"40308","金幣","阿魯巴","1000000"
"40308","金幣","邪惡蜥蜴","1000000"
"40308","金幣","亞力安","1000000"
"40308","金幣","虎男","1000000"
"40308","金幣","都達瑪拉妖魔","1000000"
"40308","金幣","蜥蜴人","1000000"
"40308","金幣","歐熊","1000000"
"40308","金幣","阿吐巴妖魔","1000000"
"40308","金幣","食屍鬼","1000000"
"40308","金幣","史巴托","1000000"
"40308","金幣","那魯加妖魔","1000000"
"40308","金幣","萊肯","1000000"
"40308","金幣","楊果里恩","1000000"
"40308","金幣","甘地妖魔","1000000"
"40308","金幣","羅孚妖魔","1000000"
"40308","金幣","妖魔弓箭手","1000000"
"40308","金幣","卡士伯","1000000"
"40308","金幣","思克巴女皇","1000000"
"40308","金幣","魔法師","1000000"
"40308","金幣","歐吉","1000000"
"40308","金幣","骷髏斧手","1000000"
"40308","金幣","骷髏槍兵","1000000"
"40308","金幣","夏洛伯","1000000"
"40308","金幣","布拉伯","1000000"
"40308","金幣","安普","1000000"
"40308","金幣","牧羊犬","1000000"
"40308","金幣","貓","1000000"
"40308","金幣","熊","1000000"
"40308","金幣","侏儒","1000000"
"40308","金幣","杜賓狗","1000000"
"40308","金幣","狼","1000000"
"40308","金幣","浣熊","1000000"
"40308","金幣","小獵犬","1000000"
"40308","金幣","聖伯納犬","1000000"
"40308","金幣","狐狸","1000000"
"40308","金幣","暴走兔","1000000"
"40308","金幣","哈士奇","1000000"
"40308","金幣","柯利","1000000"
"40308","金幣","史萊姆","1000000"
"40308","金幣","人形殭屍","1000000"
"40308","金幣","漂浮之眼","1000000"
"40308","金幣","冰原狼人","1000000"
"40308","金幣","妖魔鬥士","1000000"
"40308","金幣","怪手","1000000"
"40308","金幣","侏儒戰士","1000000"
"40308","金幣","甘地妖魔","1000000"
"40308","金幣","骷髏","1000000"
"40308","金幣","妖魔殭屍","1000000"
"40308","金幣","巨蟻","1000000"
"40308","金幣","阿吐巴妖魔","1000000"
"40308","金幣","妖魔","1000000"
"40308","金幣","強盜","1000000"
"40308","金幣","強盜","1000000"
"40308","金幣","哈柏哥布林","1000000"
"40308","金幣","都達瑪拉妖魔","1000000"
"40308","金幣","狼人","1000000"
"40308","金幣","克特","1000000"
"40308","金幣","馬庫爾","1000000"
"40308","金幣","骷髏警衛","1000000"
"40308","金幣","巨蟻女皇","1000000"
"40308","金幣","蘑菇","1000000"
"40308","金幣","巴土瑟","1000000"
"40308","金幣","西瑪","1000000"
"40308","金幣","思克巴","1000000"
"40308","金幣","獨眼巨人","1000000"
"40308","金幣","妖魔法師","1000000"
"40308","金幣","骷髏弓箭手","1000000"
"40308","金幣","奇岩 安普","1000000"
"40308","金幣","高侖石頭怪","1000000"
"40308","金幣","羅孚妖魔","1000000"
"40308","金幣","哥布林","1000000"
"40308","金幣","妖魔","1000000"
"40308","金幣","兔子","1000000"
"40308","金幣","兔子","1000000"
"40308","金幣","地靈","1000000"
"40308","金幣","妖魔弓箭手","1000000"
"40308","金幣","鹿","1000000"
"40308","金幣","狼人","1000000"
"40308","金幣","弱化黑騎士","1000000"
"40308","金幣","弱化鼠人","1000000"
"40308","金幣","弱化夏洛伯","1000000"
"40308","金幣","弱化鱷魚","1000000"
"40308","金幣","弱化蜥蜴人","1000000"
"40308","金幣","弱化萊肯","1000000"
"40308","金幣","弱化卡司特","1000000"
"40308","金幣","弱化骷髏警衛","1000000"
"40308","金幣","弱化骷髏神射手","1000000"
"40308","金幣","弱化歐熊","1000000"
"40308","金幣","弱化哈維","1000000"
"40308","金幣","弱化高侖石頭怪","1000000"
"40308","金幣","弱化妖魔殭屍","1000000"
"40308","金幣","弱化多眼怪","1000000"
"40308","金幣","弱化史巴托","1000000"
"40308","金幣","弱化骷髏鬥士","1000000"
"40308","金幣","弱化熊","1000000"
"40308","金幣","弱化多羅","1000000"
"40308","金幣","弱化楊果里恩","1000000"
"40308","金幣","弱化卡司特王","1000000"
"40308","金幣","弱化莫妮亞","1000000"
"40308","金幣","弱化蟹人","1000000"
"40308","金幣","弱化蟑螂人","1000000"
"40308","金幣","弱化蛇女","1000000"
"40308","金幣","弱化蛇女","1000000"
"40308","金幣","弱化歐吉","1000000"
"40308","金幣","弱化格利芬","1000000"
"40308","金幣","弱化思克巴","1000000"
"40308","金幣","弱化亞力安","1000000"
"40308","金幣","弱化食人妖精","1000000"
"40308","金幣","弱化邪惡蜥蜴","1000000"
"40308","金幣","弱化巨大鱷魚","1000000"
"40308","金幣","弱化飛龍","1000000"
"40308","金幣","弱化獨眼巨人","1000000"
"40318","魔法寶石","骷髏神射手","50000"
"40318","魔法寶石","哈維","50000"
"40318","魔法寶石","莫妮亞","50000"
"40318","魔法寶石","骷髏警衛","50000"
"40318","魔法寶石","史巴托","50000"
"40318","魔法寶石","夏洛伯","50000"
"40318","魔法寶石","亞力安","50000"
"40319","精靈玉","長者","50000"
"40319","精靈玉","骷髏鬥士","50000"
"40319","精靈玉","楊果里恩","50000"
"40319","精靈玉","食屍鬼","50000"
"40319","精靈玉","思克巴女皇","50000"
"40319","精靈玉","思克巴","50000"
"40405","皮革","歐熊","100000"
"40405","皮革","牧羊犬","100000"
"40405","皮革","貓","100000"
"40405","皮革","熊","100000"
"40405","皮革","杜賓狗","100000"
"40405","皮革","狼","100000"
"40405","皮革","浣熊","100000"
"40405","皮革","小獵犬","100000"
"40405","皮革","聖伯納犬","100000"
"40405","皮革","狐狸","100000"
"40405","皮革","暴走兔","100000"
"40405","皮革","哈士奇","100000"
"40405","皮革","柯利","100000"
"40405","皮革","漂浮之眼","100000"
"40405","皮革","高麗幼犬","100000"
"40405","皮革","虎男","100000"
"40405","皮革","兔子","100000"
"40405","皮革","兔子","100000"
"40405","皮革","鹿","100000"
"40406","高級皮革","虎男","30000"
"40406","高級皮革","歐熊","30000"
"40406","高級皮革","牧羊犬","30000"
"40406","高級皮革","貓","30000"
"40406","高級皮革","熊","30000"
"40406","高級皮革","杜賓狗","30000"
"40406","高級皮革","狼","30000"
"40406","高級皮革","浣熊","30000"
"40406","高級皮革","小獵犬","30000"
"40406","高級皮革","聖伯納犬","30000"
"40406","高級皮革","狐狸","30000"
"40406","高級皮革","暴走兔","30000"
"40406","高級皮革","哈士奇","30000"
"40406","高級皮革","柯利","30000"
"40406","高級皮革","漂浮之眼","30000"
"40406","高級皮革","高麗幼犬","30000"
"40406","高級皮革","兔子","30000"
"40406","高級皮革","兔子","30000"
"40406","高級皮革","鹿","30000"
"40407","骨頭碎片","骷髏神射手","50000"
"40407","骨頭碎片","骷髏鬥士","50000"
"40407","骨頭碎片","骷髏警衛","50000"
"40407","骨頭碎片","骷髏斧手","50000"
"40407","骨頭碎片","骷髏槍兵","50000"
"40407","骨頭碎片","骷髏","50000"
"40407","骨頭碎片","骷髏弓箭手","50000"
"40408","金屬塊","侏儒","100000"
"40408","金屬塊","侏儒戰士","100000"
"40494","純粹的米索莉塊","冰原狼人","100000"
"40496","粗糙的米索莉塊","冰原狼人","10000"
"40743","箭","妖魔弓箭手","10000"
"40743","箭","妖魔弓箭手","10000"
"40744","銀箭","黑暗精靈","30000"
"40744","銀箭","骷髏神射手","30000"
"40744","銀箭","妖魔弓箭手","10000"
"40744","銀箭","妖魔弓箭手","10000"
"140074","受祝福對盔甲施法的卷軸","死亡騎士","50000"
"140074","受祝福對盔甲施法的卷軸","巨蟻女皇","50000"
"140074","受祝福對盔甲施法的卷軸","克特","50000"
"140074","受祝福對盔甲施法的卷軸","巴風特","50000"
"140074","受祝福對盔甲施法的卷軸","黑長者","20000"
"140074","受祝福對盔甲施法的卷軸","飛龍","20000"
"140074","受祝福對盔甲施法的卷軸","馬庫爾","20000"
"140074","受祝福對盔甲施法的卷軸","魔法師","20000"
"140074","受祝福對盔甲施法的卷軸","卡士伯","20000"
"140074","受祝福對盔甲施法的卷軸","巴土瑟","20000"
"140074","受祝福對盔甲施法的卷軸","西瑪","20000"
"140074","受祝福對盔甲施法的卷軸","思克巴","40"
"140074","受祝福對盔甲施法的卷軸","莫妮亞","30"
"140074","受祝福對盔甲施法的卷軸","哈維","20"
"140074","受祝福對盔甲施法的卷軸","黑暗精靈","10"
"140074","受祝福對盔甲施法的卷軸","強盜頭目","10"
"140087","受祝福對武器施法的卷軸","巴風特","25000"
"140087","受祝福對武器施法的卷軸","克特","25000"
"140087","受祝福對武器施法的卷軸","巨蟻女皇","25000"
"140087","受祝福對武器施法的卷軸","死亡騎士","25000"
"140087","受祝福對武器施法的卷軸","飛龍","10000"
"140087","受祝福對武器施法的卷軸","魔法師","10000"
"140087","受祝福對武器施法的卷軸","黑長者","10000"
"140087","受祝福對武器施法的卷軸","馬庫爾","10000"
"140087","受祝福對武器施法的卷軸","卡士伯","10000"
"140087","受祝福對武器施法的卷軸","巴土瑟","10000"
"140087","受祝福對武器施法的卷軸","西瑪","10000"
"140087","受祝福對武器施法的卷軸","邪惡蜥蜴","30"
"140087","受祝福對武器施法的卷軸","亞力安","20"
"140087","受祝福對武器施法的卷軸","歐吉","20"
"140087","受祝福對武器施法的卷軸","思克巴女皇","20"
"140087","受祝福對武器施法的卷軸","獨眼巨人","20"
"140087","受祝福對武器施法的卷軸","卡司特王","10"
"140100","瞬間移動卷軸(祝福)","骷髏鬥士","10000"
"140100","瞬間移動卷軸(祝福)","骷髏警衛","10000"
"140100","瞬間移動卷軸(祝福)","楊果里恩","10000"
"140100","瞬間移動卷軸(祝福)","夏洛伯","10000"
"140100","瞬間移動卷軸(祝福)","骷髏神射手","10000"
"140100","瞬間移動卷軸(祝福)","骷髏斧手","10000"
"140100","瞬間移動卷軸(祝福)","骷髏槍兵","10000"
"140100","瞬間移動卷軸(祝福)","骷髏","10000"
"140100","瞬間移動卷軸(祝福)","骷髏弓箭手","10000"
"240074","受詛咒對盔甲施法的卷軸","克特","50000"
"240074","受詛咒對盔甲施法的卷軸","巴風特","50000"
"240074","受詛咒對盔甲施法的卷軸","巨蟻女皇","50000"
"240074","受詛咒對盔甲施法的卷軸","死亡騎士","50000"
"240074","受詛咒對盔甲施法的卷軸","黑長者","20000"
"240074","受詛咒對盔甲施法的卷軸","飛龍","20000"
"240074","受詛咒對盔甲施法的卷軸","馬庫爾","20000"
"240074","受詛咒對盔甲施法的卷軸","卡士伯","20000"
"240074","受詛咒對盔甲施法的卷軸","巴土瑟","20000"
"240074","受詛咒對盔甲施法的卷軸","西瑪","20000"
"240074","受詛咒對盔甲施法的卷軸","魔法師","20000"
"240087","受詛咒對武器施法的卷軸","死亡騎士","25000"
"240087","受詛咒對武器施法的卷軸","克特","25000"
"240087","受詛咒對武器施法的卷軸","巨蟻女皇","25000"
"240087","受詛咒對武器施法的卷軸","巴風特","25000"
"240087","受詛咒對武器施法的卷軸","黑長者","10000"
"240087","受詛咒對武器施法的卷軸","飛龍","10000"
"240087","受詛咒對武器施法的卷軸","馬庫爾","10000"
"240087","受詛咒對武器施法的卷軸","卡士伯","10000"
"240087","受詛咒對武器施法的卷軸","巴土瑟","10000"
"240087","受詛咒對武器施法的卷軸","西瑪","10000"
"240087","受詛咒對武器施法的卷軸","魔法師","10000"
